LOSS,ACCURACY
nan,0.328125
nan,0.28125
nan,0.27083334
nan,0.27734375
nan,0.26875
nan,0.265625
