LOSS,ACCURACY
nan,0.21875
nan,0.265625
nan,0.26041666
nan,0.24609375
nan,0.246875
nan,0.26041666
nan,0.265625
nan,0.2578125
nan,0.265625
nan,0.259375
