LOSS,ACCURACY
1.1002464,0.59375
