LOSS,ACCURACY
nan,0.25
nan,0.28125
nan,0.29166666
nan,0.265625
nan,0.275
nan,0.296875
nan,0.2857143
nan,0.28125
nan,0.26041666
nan,0.265625
