LOSS,ACCURACY
1.2025123,0.484375
1.1058968,0.4921875
1.0118632,0.515625
